{
	"class_name" : "PinholeCameraParameters",
	"extrinsic" : 
	[
		-0.056313534767690604,
		-0.39806952267802076,
		0.91562516398188887,
		0.0,
		-0.99841231081332649,
		0.023629840170010269,
		-0.051132066943683017,
		0.0,
		-0.0012819587987189759,
		-0.91705086323956564,
		-0.39876819182728945,
		0.0,
		-2.2264078434894712,
		10.347173023195444,
		13.506991340282658,
		1.0
	],
	"intrinsic" : 
	{
		"height" : 720,
		"intrinsic_matrix" : 
		[
			623.53829072479584,
			0.0,
			0.0,
			0.0,
			623.53829072479584,
			0.0,
			639.5,
			359.5,
			1.0
		],
		"width" : 1280
	},
	"version_major" : 1,
	"version_minor" : 0
}