{
	"class_name" : "PinholeCameraParameters",
	"extrinsic" : 
	[
		0.046565129548978977,
		-0.78744439888216966,
		0.61462428147542747,
		0.0,
		-0.99607908430950287,
		0.0097298561775732359,
		0.087930584553419011,
		0.0,
		-0.075220652159025014,
		-0.61630889054747739,
		-0.78390382376979684,
		0.0,
		5.8226770025717407,
		0.39087119285965599,
		114.93801742079275,
		1.0
	],
	"intrinsic" : 
	{
		"height" : 720,
		"intrinsic_matrix" : 
		[
			623.53829072479584,
			0.0,
			0.0,
			0.0,
			623.53829072479584,
			0.0,
			639.5,
			359.5,
			1.0
		],
		"width" : 1280
	},
	"version_major" : 1,
	"version_minor" : 0
}